route,width,status,final,overflow
/today,390,200,/today,0
/today,1440,200,/today,0
/search,390,200,/search,0
/search,1440,200,/search,0
/settings,390,200,/settings,0
/settings,1440,200,/settings,0
/backup,390,200,/backup,0
/backup,1440,200,/backup,0
/ai/settings,390,200,/ai/settings,0
/ai/settings,1440,200,/ai/settings,0
/recipes,390,200,/recipes,0
/recipes,1440,200,/recipes,0
/recipes/new,390,200,/recipes/new,0
/recipes/new,1440,200,/recipes/new,0
/recipes/import,390,200,/recipes/import,0
/recipes/import,1440,200,/recipes/import,0
/menu,390,200,/menu,0
/menu,1440,200,/menu,0
/shopping,390,200,/shopping,0
/shopping,1440,200,/shopping,0
/expenses,390,200,/expenses,0
/expenses,1440,200,/expenses,0
/expenses/analytics,390,200,/expenses/analytics,0
/expenses/analytics,1440,200,/expenses/analytics,0
/expenses/planning,390,200,/expenses/planning,0
/expenses/planning,1440,200,/expenses/planning,0
/expenses/splits,390,200,/expenses/splits,0
/expenses/splits,1440,200,/expenses/splits,0
/income,390,200,/income,0
/income,1440,200,/income,0
/finance,390,200,/finance,0
/finance,1440,200,/finance,0
/chats,390,200,/chats,0
/chats,1440,200,/chats,0
/wishlist,390,200,/wishlist,0
/wishlist,1440,200,/wishlist,0
/watch,390,200,/watch,0
/watch,1440,200,/watch,0
/moments,390,200,/moments,0
/moments,1440,200,/moments,0
/planner,390,200,/planner,0
/planner,1440,200,/planner,0
/vehicles,390,200,/vehicles,0
/vehicles,1440,200,/vehicles,0
/vehicles/new,390,200,/vehicles/new,0
/vehicles/new,1440,200,/vehicles/new,0
/vehicles/trips,390,200,/vehicles/trips,0
/vehicles/trips,1440,200,/vehicles/trips,0
/fuel,390,200,/fuel,0
/fuel,1440,200,/fuel,0
/fuel/add,390,200,/fuel/add,0
/fuel/add,1440,200,/fuel/add,0
/fuel/settings,390,200,/fuel/settings,0
/fuel/settings,1440,200,/fuel/settings,0
/files,390,200,/files,0
/files,1440,200,/files,0
/files/new,390,200,/files/new,0
/files/new,1440,200,/files/new,0
