route,width,overflow_px
/,320,0
/,1440,0
/today,320,0
/today,1440,0
/search,320,0
/search,1440,0
/settings,320,0
/settings,1440,0
/backup,320,0
/backup,1440,0
/ai/settings,320,0
/ai/settings,1440,0
/recipes,320,0
/recipes,1440,0
/recipes/new,320,0
/recipes/new,1440,0
/recipes/import,320,0
/recipes/import,1440,0
/recipes/1,320,0
/recipes/1,1440,0
/recipes/1/edit,320,0
/recipes/1/edit,1440,0
/menu,320,0
/menu,1440,0
/shopping,320,0
/shopping,1440,0
/shopping/lists/1,320,0
/shopping/lists/1,1440,0
/expenses,320,0
/expenses,1440,0
/expenses/analytics,320,0
/expenses/analytics,1440,0
/expenses/categories/1/analytics,320,0
/expenses/categories/1/analytics,1440,0
/expenses/lists/1,320,0
/expenses/lists/1,1440,0
/expenses/categories/1,320,0
/expenses/categories/1,1440,0
/expenses/planning,320,0
/expenses/planning,1440,0
/expenses/splits,320,0
/expenses/splits,1440,0
/income,320,0
/income,1440,0
/finance,320,0
/finance,1440,0
/chats,320,0
/chats,1440,0
/chats/1,320,0
/chats/1,1440,0
/wishlist,320,0
/wishlist,1440,0
/wishlist/shared/audituser,320,0
/wishlist/shared/audituser,1440,0
/watch,320,0
/watch,1440,0
/moments,320,0
/moments,1440,0
/planner,320,0
/planner,1440,0
/vehicles,320,0
/vehicles,1440,0
/vehicles/new,320,0
/vehicles/new,1440,0
/vehicles/1,320,0
/vehicles/1,1440,0
/vehicles/1/edit,320,0
/vehicles/1/edit,1440,0
/vehicles/1/log,320,0
/vehicles/1/log,1440,0
/vehicles/1/log/new,320,0
/vehicles/1/log/new,1440,0
/vehicles/1/log/print,320,0
/vehicles/1/log/print,1440,0
/vehicles/1/log/1,320,0
/vehicles/1/log/1,1440,0
/vehicles/1/log/1/edit,320,0
/vehicles/1/log/1/edit,1440,0
/vehicles/1/maintenance,320,0
/vehicles/1/maintenance,1440,0
/vehicles/1/maintenance/new,320,0
/vehicles/1/maintenance/new,1440,0
/vehicles/1/maintenance/1/edit,320,0
/vehicles/1/maintenance/1/edit,1440,0
/vehicles/1/fuel,320,0
/vehicles/1/fuel,1440,0
/vehicles/1/fuel/new,320,0
/vehicles/1/fuel/new,1440,0
/vehicles/1/fuel/1/edit,320,0
/vehicles/1/fuel/1/edit,1440,0
/vehicles/trips,320,0
/vehicles/trips,1440,0
/fuel,320,0
/fuel,1440,0
/fuel/add,320,0
/fuel/add,1440,0
/fuel/settings,320,0
/fuel/settings,1440,0
/fuel/1,320,0
/fuel/1,1440,0
/fuel/1/settings,320,0
/fuel/1/settings,1440,0
/vehicles/trips/1,320,0
/vehicles/trips/1,1440,0
/files,320,0
/files,1440,0
/files/new,320,0
/files/new,1440,0
/files/1,320,0
/files/1,1440,0
/share/audit-public-token-12345678901234567890,320,0
/share/audit-public-token-12345678901234567890,1440,0
