url,width,overflow_px
/,320,0
/,390,0
/,768,0
/,1440,0
/login,320,0
/login,390,0
/login,768,0
/login,1440,0
/register,320,0
/register,390,0
/register,768,0
/register,1440,0
/today,320,0
/today,390,0
/today,768,0
/today,1440,0
/search,320,0
/search,390,0
/search,768,0
/search,1440,0
/settings,320,0
/settings,390,0
/settings,768,0
/settings,1440,0
/backup,320,0
/backup,390,0
/backup,768,0
/backup,1440,0
/ai/settings,320,0
/ai/settings,390,0
/ai/settings,768,0
/ai/settings,1440,0
/recipes,320,0
/recipes,390,0
/recipes,768,0
/recipes,1440,0
/recipes/new,320,0
/recipes/new,390,0
/recipes/new,768,0
/recipes/new,1440,0
/recipes/import,320,0
/recipes/import,390,0
/recipes/import,768,0
/recipes/import,1440,0
/recipes/1,320,0
/recipes/1,390,0
/recipes/1,768,0
/recipes/1,1440,0
/recipes/1/edit,320,0
/recipes/1/edit,390,0
/recipes/1/edit,768,0
/recipes/1/edit,1440,0
/menu,320,0
/menu,390,0
/menu,768,0
/menu,1440,0
/shopping,320,0
/shopping,390,0
/shopping,768,0
/shopping,1440,0
/shopping/lists/1,320,0
/shopping/lists/1,390,0
/shopping/lists/1,768,0
/shopping/lists/1,1440,0
/expenses,320,0
/expenses,390,0
/expenses,768,0
/expenses,1440,0
/expenses/analytics,320,0
/expenses/analytics,390,0
/expenses/analytics,768,0
/expenses/analytics,1440,0
/expenses/categories/1/analytics,320,0
/expenses/categories/1/analytics,390,0
/expenses/categories/1/analytics,768,0
/expenses/categories/1/analytics,1440,0
/expenses/lists/1,320,0
/expenses/lists/1,390,0
/expenses/lists/1,768,0
/expenses/lists/1,1440,0
/expenses/categories/1,320,0
/expenses/categories/1,390,0
/expenses/categories/1,768,0
/expenses/categories/1,1440,0
/expenses/planning,320,0
/expenses/planning,390,0
/expenses/planning,768,0
/expenses/planning,1440,0
/expenses/splits,320,0
/expenses/splits,390,0
/expenses/splits,768,0
/expenses/splits,1440,0
/income,320,0
/income,390,0
/income,768,0
/income,1440,0
/finance,320,0
/finance,390,0
/finance,768,0
/finance,1440,0
/chats,320,0
/chats,390,0
/chats,768,0
/chats,1440,0
/chats/1,320,0
/chats/1,390,0
/chats/1,768,0
/chats/1,1440,0
/wishlist,320,0
/wishlist,390,0
/wishlist,768,0
/wishlist,1440,0
/wishlist/shared/audituser,320,0
/wishlist/shared/audituser,390,0
/wishlist/shared/audituser,768,0
/wishlist/shared/audituser,1440,0
/watch,320,0
/watch,390,0
/watch,768,0
/watch,1440,0
/moments,320,0
/moments,390,0
/moments,768,0
/moments,1440,0
/planner,320,0
/planner,390,0
/planner,768,0
/planner,1440,0
/vehicles,320,0
/vehicles,390,0
/vehicles,768,0
/vehicles,1440,0
/vehicles/new,320,0
/vehicles/new,390,0
/vehicles/new,768,0
/vehicles/new,1440,0
/vehicles/1,320,0
/vehicles/1,390,0
/vehicles/1,768,0
/vehicles/1,1440,0
/vehicles/1/edit,320,0
/vehicles/1/edit,390,0
/vehicles/1/edit,768,0
/vehicles/1/edit,1440,0
/vehicles/1/log,320,0
/vehicles/1/log,390,0
/vehicles/1/log,768,0
/vehicles/1/log,1440,0
/vehicles/1/log/new,320,0
/vehicles/1/log/new,390,0
/vehicles/1/log/new,768,0
/vehicles/1/log/new,1440,0
/vehicles/1/log/print,320,0
/vehicles/1/log/print,390,0
/vehicles/1/log/print,768,0
/vehicles/1/log/print,1440,0
/vehicles/1/log/1,320,0
/vehicles/1/log/1,390,0
/vehicles/1/log/1,768,0
/vehicles/1/log/1,1440,0
/vehicles/1/log/1/edit,320,0
/vehicles/1/log/1/edit,390,0
/vehicles/1/log/1/edit,768,0
/vehicles/1/log/1/edit,1440,0
/vehicles/1/maintenance,320,0
/vehicles/1/maintenance,390,0
/vehicles/1/maintenance,768,0
/vehicles/1/maintenance,1440,0
/vehicles/1/maintenance/new,320,0
/vehicles/1/maintenance/new,390,0
/vehicles/1/maintenance/new,768,0
/vehicles/1/maintenance/new,1440,0
/vehicles/1/maintenance/1/edit,320,0
/vehicles/1/maintenance/1/edit,390,0
/vehicles/1/maintenance/1/edit,768,0
/vehicles/1/maintenance/1/edit,1440,0
/vehicles/1/fuel,320,0
/vehicles/1/fuel,390,0
/vehicles/1/fuel,768,0
/vehicles/1/fuel,1440,0
/vehicles/1/fuel/new,320,0
/vehicles/1/fuel/new,390,0
/vehicles/1/fuel/new,768,0
/vehicles/1/fuel/new,1440,0
/vehicles/1/fuel/1/edit,320,0
/vehicles/1/fuel/1/edit,390,0
/vehicles/1/fuel/1/edit,768,0
/vehicles/1/fuel/1/edit,1440,0
/vehicles/trips,320,0
/vehicles/trips,390,0
/vehicles/trips,768,0
/vehicles/trips,1440,0
/fuel,320,0
/fuel,390,0
/fuel,768,0
/fuel,1440,0
/fuel/add,320,0
/fuel/add,390,0
/fuel/add,768,0
/fuel/add,1440,0
/fuel/settings,320,0
/fuel/settings,390,0
/fuel/settings,768,0
/fuel/settings,1440,0
/fuel/1,320,0
/fuel/1,390,0
/fuel/1,768,0
/fuel/1,1440,0
/fuel/1/settings,320,0
/fuel/1/settings,390,0
/fuel/1/settings,768,0
/fuel/1/settings,1440,0
/vehicles/trips/1,320,0
/vehicles/trips/1,390,0
/vehicles/trips/1,768,0
/vehicles/trips/1,1440,0
/files,320,0
/files,390,0
/files,768,0
/files,1440,0
/files/new,320,0
/files/new,390,0
/files/new,768,0
/files/new,1440,0
/files/1,320,0
/files/1,390,0
/files/1,768,0
/files/1,1440,0
/share/audit-public-token-12345678901234567890,320,0
/share/audit-public-token-12345678901234567890,390,0
/share/audit-public-token-12345678901234567890,768,0
/share/audit-public-token-12345678901234567890,1440,0
/files/10,320,0
/files/10,390,0
/files/10,768,0
/files/10,1440,0
/share/OupmZrcYaN-aM3kTZ8qiK--YPhKRb4XFvuG_GfxVlx4,320,0
/share/OupmZrcYaN-aM3kTZ8qiK--YPhKRb4XFvuG_GfxVlx4,390,0
/share/OupmZrcYaN-aM3kTZ8qiK--YPhKRb4XFvuG_GfxVlx4,768,0
/share/OupmZrcYaN-aM3kTZ8qiK--YPhKRb4XFvuG_GfxVlx4,1440,0
